119,Pampers Pants Extra Large Diapers Size 6 (16+ kg),3,18,19,44 per pack,200,150,180,https://shop.instashop.ae/publicfiles/wtm_565eb0ffc81b49f08bfa316773ceac31_thumb_lg_lj8ns7xciu2qyonoecdi__src_3bcbcd32f426dce7c3202eb3dd2bd3d8_4015400674023.jpg
120,Johnson's Baby Oil,3,18,19,200 ml,201,36,43.2,https://shop.instashop.ae/publicfiles/wtm_6f6ebbb7dd207959b9aafdd598b7a284_thumb_lg_9ghr1jkatcshcarr7ldi_207100052_Johnsons_Baby_Oil_200ml_02.jpg
121,Pampers Sensitive Baby Wipes,3,18,19,56 tissues,202,30,36,https://shop.instashop.ae/publicfiles/wtm_86e5767f6fd1da80b8792bb0a909d70e_thumb_lg_jocbo5zxdhy7q6umzpvi__src_04366843ef52a91bd223d7c901566781_4015400636649.jpg
122,Signal Kids Toothpaste Strawberry,3,18,19,75 ml,203,19.5,23.4,https://shop.instashop.ae/publicfiles/wtm_1b823e3ba01a6ab8d9583751b21af9cc_thumb_lg_0ciilutjplqsqmzk6gvi_056177-75ml.jpg
123,"Johnson's Gentle All Over Baby Wipes Enriched with Silk Extract - alcohol free, parabens free, dyes free",3,18,19,72 tissues,204,27,32.4,https://shop.instashop.ae/publicfiles/wtm_eca9bf2d9b2ca5b17c0ccbbb999a8aaa_thumb_lg_11eb2x295u2894ibe29__src_e28977267024268bd6c99c539af42948__MG_9747.jpg
124,Johnson's Baby Cologne Morning Dew Scent,3,18,19,200 ml,205,67,80.4,https://shop.instashop.ae/publicfiles/wtm_8348423e5dfc1fb1e29543954357e5a9_thumb_lg_rh4fy70hwp2zvja9vn29_100761616_Johnsons_Baby_Morning_Dew_Cologne_200ml_02.jpg
125,Johnson's Shiny Drops Kids Conditioner Spray,3,18,19,200 ml,206,47.5,57,https://shop.instashop.ae/publicfiles/09b744b6-877a-441f-a93c-c18cfa25126c_wtm_0c46d4aa-e9d5-4779-8994-55920a9b9831_3574661221076.jpg
126,"Johnson's Baby Shampoo - paraben free, alcohol free, dye free",3,18,19,500 ml,207,53,63.6,https://shop.instashop.ae/publicfiles/wtm_688f0b8bcab5bc1443ed53633ec46d48_thumb_lg_3xmmwnl1ds1tah1cq5mi_669907545_Johnsons_baby_Shampoo_Baby_Shampoo_500ml_02.jpg
127,Pampers Pants Baby Diapers Size 5 (12-18kg),3,18,19,52 per pack,208,140,168,https://shop.instashop.ae/publicfiles/5564ef54-4ea2-45d0-89af-dd3d861a7da2_wtm_17e65cdc-d7b0-46ef-87b1-0334b44c0755_BOO_5871.jpg
128,Johnson's Baby Sleep Time Powder,3,18,19,200 gr,209,39,46.8,https://shop.instashop.ae/publicfiles/wtm_c89d6c1967c0727191a6d24a29d2b23a_thumb_lg_u2zynh4dq8at0dfe0zfr_007012504_Johnsons_Baby_Sleeptime_Powder_200gm_02.jpg
129,Pampers Premium Care Baby Diapers Size 5 (11-25kg),3,18,19,60 per pack,210,195,234,https://shop.instashop.ae/publicfiles/cc4b5b55-4d9f-41e0-9306-76d3f1cfcc50_wtm_ehouse_1544611382.jpg
130,Johnson's Baby Cologne Lemon Fresh,3,18,19,200 ml,211,67,80.4,https://shop.instashop.ae/publicfiles/wtm_5e97b2d55cdd2830a77debd14e953f38_thumb_lg_4vdhgr46zxellvhuayvi_100761791_Johnsons_Baby_Lemon_Cologne_200ml_02.jpg
131,Johnson's Shiny Drops Kids Shampoo with Argan Oil,3,18,19,300 ml,212,48,57.6,https://shop.instashop.ae/publicfiles/wtm_b0d883f36a534663066e361d089b3a29_thumb_lg_zoeotrz2kk3zua98uxr_hampoo_300ml_02.jpg
132,Pampers Premium Care Baby Diapers Size 4 (9-18kg),3,18,19,64 per pack,213,165,198,https://shop.instashop.ae/publicfiles/968aa405-ede8-4dd9-8cca-d765544df268_wtm_fd8f0595-ff25-4b2c-aad8-a084da376dbf_IMG_1242.jpg
133,Cerelac Dates &amp; Wheat with Milk (8+ Months),3,18,19,125 gr,214,20.5,24.6,https://shop.instashop.ae/publicfiles/03ed4c9d-2813-4f19-a32b-7b5dfe9ed9b3_wtm_b91f0e71-93fc-4793-b3a5-9b8d296ec55e_IMG_0291.jpg
134,Molfix Baby Diapers Size 5 (11-25kg),3,18,19,58 per pack,215,133,159.6,https://shop.instashop.ae/publicfiles/6b260f08-0002-4861-b016-85934fdaf532c6047241-527f-44a1-882f-19dd70d4a57a.jpg
135,Johnson's Baby Fresh Bubble Bath,3,18,19,300 ml,216,40,48,https://shop.instashop.ae/publicfiles/wtm_4edcece85a357bd4608dfbfa81a44ff4_thumb_lg_4nj2xff4rq5e4gk138fr_000659182_Johnsons_baby_Bath_Fresh_Bubble_Bath_300ml_02.jpg
136,Cerelac Rice - from 6 months onwards,3,18,19,125 gr,217,12,14.4,https://shop.instashop.ae/publicfiles/305c3ff0-b053-44d3-b75a-31b21f24d695_wtm_f5e15f3c-c6d3-4587-9bce-1b1bd1fe8ebb_IMG_0295.jpg
137,Johnson's No More Tangles Kids Conditioner Spray  ,3,18,19,200 ml,218,34,40.8,https://shop.instashop.ae/publicfiles/wtm_b4754d3fb5b764c4134ddadd8621ebac_thumb_lg_emv5jyjjj1hzbazwipb9__src_51966d1822dbaf9c3f38215433cc9c4b__MG_7659.jpg
138,Pampers Baby-Dry Diapers Size 5 (11-25kg),3,18,19,58 per pack,219,147,176.4,https://shop.instashop.ae/publicfiles/wtm_afc81c6f7d8a40d99ec21e968bdb66e0_thumb_lg_a58zz585f6ljawvrvygb9__src_85e5b0993604e017c9300c85c187b423__MG_9729.jpg
139,Cerelac Wheat Mix - from 6 months onwards,3,18,19,125 gr,200,12,14.4,https://shop.instashop.ae/publicfiles/wtm_d52e6e943806eee368a21a5c09021fc3_thumb_lg_3ew8ailinacznlzhncdi__src_a0cc1d4ef4e1a4c85b1ca56ef628f9ab__MG_6578.jpg
140,Johnson's Sleep Time Baby Soap Bar,3,18,19,125 gr,201,12,14.4,https://shop.instashop.ae/publicfiles/wtm_d92447801d990fe3d285bf89972e2325_thumb_lg_8y6nmd2gwvjcc293k57b9_100760480_Johnsons_Baby_Sleeptime_Soap_125gm_02.jpg
141,Johnson's Baby Sleep Time Bath Wash,3,18,19,300 ml,202,40,48,https://shop.instashop.ae/publicfiles/wtm_c79a1f6bc7e9c338a0b3a069797cb929_thumb_lg_m5t8jaz3ceyd4jjj1yvi_669908672_Johnsons_baby_Bath_Sleep_Time_Bath_300ml_02.jpg
142,Pampers Premium Care Midi Baby Diapers Size 3 (6-10kg),3,18,19,64 per pack,203,175,210,https://shop.instashop.ae/publicfiles/c116d878-fe74-4ebc-8887-a66b305da870_wtm_adae941f-0c38-4529-9ee1-a8a5144bd813_warehouse_1544611127.jpg
143,"Hero Baby Good Night Cereal with Wheat, Oats &amp; Milk (6+ Months)",3,18,19,150 gr,204,28,33.6,https://shop.instashop.ae/publicfiles/79635a8e-8b38-475a-b6cf-ab118bc9aa97_wtm_99f0ea20-b372-4fca-ba28-b5ebec2b1ffd_8690504554356.jpg
144,Hero Baby Good Morning 8 Cereal &amp; Fruit with Milk,3,18,19,150 gr,205,28,33.6,https://shop.instashop.ae/publicfiles/4b3b112f-21a6-446a-9ffd-3a6dd019c772_wtm_a4fba98a-35df-46f8-a670-4ac0601c3a97_IMG_4404.jpg
145,Molfix Baby Diapers Size 4 (7-18kg),3,18,19,58 per pack,206,120,144,https://shop.instashop.ae/publicfiles/2502cd15-46d8-4569-a9c0-8a7e0377ef3df064d26f-ce9f-4b66-a97d-95b6b8386f05.jpg
146,Cerelac Wheat with Milk - from 6 months onwards,3,18,19,250 gr,207,36,43.2,https://shop.instashop.ae/publicfiles/f586f9c7-0480-40d5-916d-783fb548b735_wtm_1e933d25-fa65-4b8c-88ab-c747c66e8e93_IMG_0297.jpg
147,Fine Baby Maxi Diapers Size 5 (11-18kg),3,18,19,64 per pack,208,125,150,https://shop.instashop.ae/publicfiles/a0956cbe-71b7-4c3b-b956-b4cb27a01d42_wtm_b20eaa2f-0d08-4773-bad9-6d781d099bb3_6251001272086.jpg
148,Johnson's Baby Bedtime Oil,3,18,19,200 ml,209,36,43.2,https://shop.instashop.ae/publicfiles/53136884-3ea6-4da4-9075-96638cbd2b64_wtm_31a55042-b114-4c39-8f79-313a11831ee5_6223000654736.jpg
149,"Johnson's Baby Bath Shower Gel - alcohol free, dyes free, parabens free",3,18,19,200 ml,210,28,33.6,https://shop.instashop.ae/publicfiles/wtm_1006f0ad1c316957b2c49c61e23de680_thumb_lg_kg96ytwm90q0uu8a1yvi__src_1d652ac48b7368658882b0bc841667df_6223000659175.jpg
150,Johnson's Baby Fresh Soap Bar,3,18,19,125 gr,211,12,14.4,https://shop.instashop.ae/publicfiles/wtm_a3770e37fe6be4610420670fc2836bcb_thumb_lg_tgv9ujbtkfj6ndji3sor_100762262_Johnsons_Baby_Fresh_Soap_125gm_02.jpg
151,Johnson's Baby Sleep Time Lotion,3,18,19,200 ml,212,37,44.4,https://shop.instashop.ae/publicfiles/wtm_2b9cda59368c43929fdf84895ee0dd06_thumb_lg_k9jl0azbcgkxlr5xko6r_00ml_02.jpg
152,"Molfix Hypoallergenic Extra Large Baby Diapers Size 6 (Above 16kg) - paraben free, BPA free",3,18,19,48 per pack,213,135,162,https://shop.instashop.ae/publicfiles/wtm_44a37ac0ea0781aef48a2fbb6e3c8430_thumb_lg_zetmfbswobn59z83hm2t9__src_828c159466a2a43605d8a385d63bb7fc_48.jpg
153,Cerelac Wheat With Milk (6+ Months),3,18,19,500 gr,214,62,74.4,https://shop.instashop.ae/publicfiles/9c101806-f720-4478-8499-344cd9204b5e9f356442814fb3f0fd9ac6526ca3e9f7_IMG_0952.jpg
154,"Johnson's Baby Shampoo - parabens free, alcohol free, dyes free",3,18,19,200 ml,215,28,33.6,https://shop.instashop.ae/publicfiles/wtm_656e3edc2afe125b9238fbc4726bb11c_thumb_lg_9yjwbzexhl3l7wvu0udi__src_74def13749be207e7f49db8ec233775a__MG_7605.jpg
155,Johnson's Active Baby Sleep Time Shampoo with Soothing Natural Calm Essence,3,18,19,200 ml,216,28,33.6,https://shop.instashop.ae/publicfiles/wtm_cb83efd4ebfa2bfc28ab8e9346d482e4_thumb_lg_sqeubfepycf9bdcmcxr__src_44af9655553cbc866e494c1b5a06840d__MG_7603.jpg
156,Fine Baby Diapers Large Size 4 (7-14kg),3,18,19,64 per pack,217,115,138,https://shop.instashop.ae/publicfiles/2e45338d-d6fb-4026-8116-4b8ed44d3fc4_wtm_11a71b78-ef32-4d4a-9409-2592b2c931a1_6251001266191.jpeg
157,Johnson's Baby Conditioner,3,18,19,300 ml,218,38.5,46.2,https://shop.instashop.ae/publicfiles/f622876a-9587-4f5f-af7c-b0d481822ac0_wtm_73e0edce-c072-4b3c-85bc-ffd021afd11d__MG_1612.jpg
158,Fluoro Gel Toothpaste for Kids Bubble Gum Flavor,3,18,19,50 gr,219,11.5,13.8,https://shop.instashop.ae/publicfiles/38ea2558-301a-453d-bdc4-8ce507af0259_wtm_73f591b9-d0ec-456a-a3c6-4f0be6db93a5_IMG_3720.jpg
159,Johnson's Baby Cotton Touch Face &amp; Body Lotion for Newborn,3,18,19,200 ml,200,45,54,https://shop.instashop.ae/publicfiles/wtm_a417b43e38af90635ec422de97b1897d_thumb_lg_x7gg4wh9tu5nxchgds4i_661427720_Johnsons_Cotton_Touch_Lotion_200ml_02.jpg
160,Pampers Premium Care Baby Diapers Size 2 (3-8kg),3,18,19,74 per pack,201,157,188.4,https://shop.instashop.ae/publicfiles/wtm_6dd6d4e603a93095c42a59faa6206f31_thumb_lg_rfng63lx7iepnwmi__src_fc1f5250610bd08ad0e55ed374a57039__MG_9720.jpg
161,Johnson's Baby Cotton Touch Oil for Newborn,3,18,19,200 ml,202,45,54,https://shop.instashop.ae/publicfiles/wtm_cbc1cf1269766cb6464364765e149706_thumb_lg_k4q172zd9d8dait2ihpvi_000659137_Johnsons_Cotton_Touch_oil_200ml_02.jpg
162,Pampers Premium Care Size 1 (2-5 kg),3,18,19,60 per pack,203,129,154.8,https://shop.instashop.ae/publicfiles/49e7eac4-8205-4ca3-bf01-bf13a99371a0_wtm_2aced56c-a1b6-4272-991b-e51ae12d37a1_8001090559494.jpg
163,Molfix Medium Baby Diapers Size 3 (4-9kg),3,18,19,58 per pack,204,118,141.6,https://shop.instashop.ae/publicfiles/cef9d248-5206-4cb2-8b8c-bcde7b2d359c_wtm_3ebd4d68-54d0-4f90-a1f6-04d40f820233_6224007557082_1.jpg
164,Johnson's No More Tangles Kids Conditioner ,3,18,19,200 ml,205,31,37.2,https://shop.instashop.ae/publicfiles/wtm_281e7d12de35574be04e90a9579fbff9_thumb_lg_dhqd1sb6lmr9cu2rfi529__src_4aa462dc1937ebc631c0867e03ed00f6__MG_7604.jpg
165,"Johnson's Active Baby Sleep Time Shampoo with Soothing Natural Calm Essence - dyes free, alcohol &amp; parabens free",3,18,19,500 ml,206,53,63.6,https://shop.instashop.ae/publicfiles/wtm_d4e0f3562d20e44a416d91aa8c4352d8_thumb_lg_b3ret7xgffe6zhblhxgvi__src_d97c477e78b3a7aa3df08a9a05f7d1e4_6223000659274.jpg
166,Fluoro Gel Toothpaste for Kids Cola Flavor,3,18,19,50 gr,207,11.5,13.8,https://shop.instashop.ae/publicfiles/3831eebf-83b3-445f-b960-fb4bafa7d17d_wtm_3001389583.jpg
167,Johnson's No More Tangles Kids Shampoo,3,18,19,200 ml,208,31,37.2,https://shop.instashop.ae/publicfiles/wtm_ee78e052f8031b6610a5f9adaf285fb3_thumb_lg_r866bnic1k0947q5s714i__src_5ab136c1f7c0fc5182d6493370cd482a_6223000659052.jpg
168,"Molfix Maxi Diapers Size 4 (7-18kg) - latex free, paraben free, BPA free",3,18,19,56 per pack,209,118,141.6,https://shop.instashop.ae/publicfiles/wtm_9243c3a52cb8a8d2c1b7a12ddb67d32d_thumb_lg_manonysjzvothyupiudi__src_13e8da8b62fdde6af1d830d02ff9f48c__MG_8425.jpg
169,Fine Baby Medium Diapers Size 3 (4-9kg),3,18,19,64 per pack,210,112,134.4,https://shop.instashop.ae/publicfiles/wtm_488d49870ebe085789064b8b23ee9aae_thumb_lg_nlpjd4087uoj3q22csor__src_8227598be30dde7be63c25b4bef52de9_IMG_0034.jpg
170,Johnson's Baby Conditioner,3,18,19,200 ml,211,28,33.6,https://shop.instashop.ae/publicfiles/3572f3a3-559a-43e6-a250-71da462f1e34_wtm_67d9b536-8cb2-49d8-ab27-4de1c00721f8_IMG_4378.jpg
171,Johnson's Baby Powder,3,18,19,100 gr,212,25,30,https://shop.instashop.ae/publicfiles/0f1d4a8e-6f1e-4df1-8cef-0eb312742427_wtm_860fa43d-c189-4123-9857-20137c1bcec3_DSC_0673.jpg
172,Molfix Mini Baby Diapers Size 2 (3-6kg),3,18,19,60 per pack,213,105,126,https://shop.instashop.ae/publicfiles/979bae31-950c-4752-abe5-c5390765a8c5_wtm_239f76af-f2cb-49e6-8418-a2f1b7cfb1b5_warehouse_1551970742.jpg
173,Johnson's Baby Powder Blossoms,3,18,19,200 gr,214,39,46.8,https://shop.instashop.ae/publicfiles/d8b1f999-fbdb-4c70-9e98-1950ef8a6339_wtm_9cf49e46-649f-4a39-b57a-e4c6fa3c605c_8850007011187.jpg
174,Johnson's Baby Bedtime Oil,3,18,19,75 ml,215,20,24,https://shop.instashop.ae/publicfiles/wtm_acba81c4-3187-4146-92ba-55012d4c0928_thumb_lg_11c0v68ngmwbtqsq0k9__src_bb5d2789-bb1a-4db2-ba7a-e894ece167c5__MG_1684.jpg
175,Johnson's Baby Oil,3,18,19,75 ml,216,20,24,https://shop.instashop.ae/publicfiles/d5b099e6-16ef-437f-ad26-be82147f662b_wtm_dfc11c6b-f6f4-45e0-8314-6e882ef905f6__MG_9561.jpg
176,"Molfix Baby Diapers Size 3 (4-9kg) - latex free, paraben free, BPA free",3,18,19,62 per pack,217,135,162,https://shop.instashop.ae/publicfiles/wtm_1e06f45923bb8cc9c3bb1fad1604684a_thumb_lg_z5rusa4xd3g0xai9hpvi__src_b63fd8978b4ca58ce7ada44b805c0088__MG_8424.jpg
177,Molfix Newborn Baby Diapers Size 1 (2-5kg),3,18,19,60 per pack,218,95,114,https://shop.instashop.ae/publicfiles/250a5d7c-9edc-4b4a-8ab1-c083a48084daa8146b3becb5e954de67faf02508ef9b_6224007557020_60_per_pack.jpg
178,Johnson's Baby Cologne Dream Scent,3,18,19,100 ml,219,36,43.2,https://shop.instashop.ae/publicfiles/wtm_da510f07-98ab-4afe-9899-8da0ff0917fd_thumb_lg_gp051t1bx5q0hxpf1or__src_7afcbc2f-88d0-443d-93a3-eb9ed96407a8__MG_1723.jpg
179,Johnson's Baby Oil with Aloe Vera,3,18,19,200 ml,200,36,43.2,https://shop.instashop.ae/publicfiles/ce05680e-ba4c-4f4b-92fd-efabda7287a4_wtm_32bcfc53-9050-4029-9aed-d9f601c62ce5_Johnson_baby_oil_with_aloe_Vera.jpg
180,"Johnson's Baby Shampoo - parabens free, dyes free, alcohol free",3,18,19,100 ml,201,16,19.2,https://shop.instashop.ae/publicfiles/wtm_aa5ca1bd-6d6e-4dab-b202-e34ef3216884d07725470ca5dd287e75f3db07dbcc03_IMG_0342.jpg
181,Johnson's Baby Conditoner,3,18,19,100 ml,202,13.5,16.2,https://shop.instashop.ae/publicfiles/e8ec6f1b-9111-43ee-98ac-1ed0d624bea6_wtm_593c7720-4fd4-48ff-ae26-da999ac68c0f_IMG_4386.jpg
182,Pampers Newborn Baby-Dry Diapers Size 1 (2 to 5 kg),3,18,19,60 per pack,203,98,117.6,https://shop.instashop.ae/publicfiles/7f9ae18f-5f80-4c3f-a27d-92fe78f5de33_wtm_1090285300.jpg
183,Fine Baby Small Diapers Size 2 (3-6kg),3,18,19,64 per pack,204,93,111.6,https://shop.instashop.ae/publicfiles/wtm_28ff7c4f144d3d10d761aae397ba5300_thumb_lg_n0nbdjnf4foox0yeqaor__src_61b20be05634733b22b16f3f07f5774e_IMG_0315.jpg
184,Johnson's Cologne Lemon Fresh,3,18,19,100 ml,205,36,43.2,https://shop.instashop.ae/publicfiles/9c28b478-da28-4dbb-98f0-04dd0991503a_wtm_c4926ec1-fd03-474d-9482-71edbe8db09c_warehouse_1553175708.jpg
185,Johnson's Baby Lotion,3,18,19,125 ml,206,25,30,https://shop.instashop.ae/publicfiles/29fc79b3-ffc1-4a10-b2dd-b0d63c61376e_wtm_6a3be07e-8194-4305-b2fa-841f90cd798c_DSC_0320.jpg
186,Johnson's Baby Conditioner,3,18,19,500 ml,207,55,66,https://shop.instashop.ae/publicfiles/e7509c0f-aea4-4801-a2a8-5a994e016985_wtm_3000650196.jpg
187,Baby Joy Medium Diapers Size 3 (6-12kg),3,18,19,58 per pack,208,124,148.8,https://shop.instashop.ae/publicfiles/wtm_d02ddd0d-3882-4b84-9694-fb6e5db1ea4b_thumb_lg_anvwe47qlehhjh0n3ik9__src_f22b9d69-712f-4ef9-a39e-0a22c4a984f5__MG_3943.jpg
188,Johnson's Baby Soap Bar,3,18,19,75 gr,209,8,9.6,https://shop.instashop.ae/publicfiles/cafdfb70-88ad-400f-9496-711d75a232b8_wtm_70ce5a15-e113-4a86-b96e-a7045dbd3228_IMG_4789.jpg
189,Fine Baby Newborn Diapers Size 1 (2-5kg),3,18,19,21 per pack,210,35,42,https://shop.instashop.ae/publicfiles/wtm_6536d816d046e0139a4d20999ff982d0_thumb_lg_d4x6lv0ourwg6byet57b9__src_6ad62f67194b1dbaeb10257b8e26dd9d_IMG_0038.jpg
190,Johnson's Baby Conditioner,3,18,19,1 L,211,70,84,https://shop.instashop.ae/publicfiles/ee78d75b-4d60-488b-a714-78b8cc1da846_wtm_3fc4a176-f65c-43a1-895d-4cdd1c3de37b_IMG_3747.jpg
191,Pampers Baby-Dry Midi Diapers Size 3 (6-10kg),3,18,19,60 per pack,212,132,158.4,https://shop.instashop.ae/publicfiles/wtm_384ba6d2-b320-423e-8564-92f025b4ba8c89858099998514bf6ef4269545516263__MG_3519.jpg
192,Bebem Mini Baby Diapers Size 2 (3-6kg),3,18,19,64 per pack,213,83,99.6,https://shop.instashop.ae/publicfiles/65f0c9b4-ce2b-41ee-8a53-bd5ef0a0a70f_wtm_07e2a79f-10f6-453e-8212-57c9b3e4fc11__MG_3520.jpg
193,"Omay Care Baby Wet Wipes Chamomile Scent - alcohol free, paraben free",3,18,19,72 tissues,214,10,12,https://shop.instashop.ae/publicfiles/f34fa6df-9f8a-407d-a5d7-57f7f4036f5d584bc499ab30126041603c7847a2ed43_IMG_0068.jpg
194,Rich Bake Normal Toast Sliced Bread,3,19,20,500 gr,215,19,22.8,https://shop.instashop.ae/publicfiles/5502a7ff-b488-40f7-acbf-53c25fe9cbd3_wtm_cebda0a6-2a14-4ab9-9dce-e990f463baae_IMG_2627.jpg
195,Rich Bake Whole Wheat Toast Sliced Bread,3,19,20,500 gr,216,19,22.8,https://shop.instashop.ae/publicfiles/77594110-8351-4851-b070-9fba6b267038_wtm_1dd78e9a-92bf-4013-9a02-caae988a8cf3_IMG_2629.jpg
196,Rich Bake Normal Petit Pain Plain (6 Pieces),3,19,20,225 gr,217,10,12,https://shop.instashop.ae/publicfiles/3628b578-5207-4177-8f3e-f38230cbeb9b_wtm_cdbeab7f-c7ff-44ef-b0a8-98e4d7e6a987__MG_0315.jpg
197,Rich Bake Milk Toast Sliced Bread,3,19,20,500 gr,218,19,22.8,https://shop.instashop.ae/publicfiles/b9078aad-4bc8-479d-ab74-e334005bd801_wtm_d538d5b0-b6ab-4cee-94d2-1bd59e383f04_IMG_2626.jpg
198,Molto XXL Croissant Filled with Chocolate &amp; Hazelnut Paste,3,19,20,1 pcs,219,3,3.6,https://shop.instashop.ae/publicfiles/d66cc92b-b1e6-40d1-9c85-71170f8741ac_wtm_0f8def85-1a4b-47bc-829d-8d06085b25f9_IMG_5502.jpg
199,Todo Brownies Cake,3,19,20,1 pcs,200,4,4.8,https://shop.instashop.ae/publicfiles/wtm_bb4b48ef-4a5e-4ec7-8b37-531fc4f1cbba_thumb_lg_3dxo7970hnu6h0xf4unmi__src_51dc691b-ecfa-4a2c-b3dc-de7aba1ba599_BOO_6845.jpg
200,Hohos Rolled Chocolate Cake Filled with Cream,3,19,20,1 pcs,201,1.5,1.8,https://shop.instashop.ae/publicfiles/4541c47e-d125-4f5a-b800-6f741a7cbb61df93b991c99e3c37992fcc37e89b49bb_DSC_0253.jpg
201,Rich Bake Marble Pound Cake,3,19,20,225 gr,202,21,25.2,https://shop.instashop.ae/publicfiles/a5bef323-2e14-4527-806d-d3aa2af04fa7_wtm_882e612e-bdaa-43b8-b1bf-b96c33690dd0_IMG_3229.jpg
202,Todo Bomb Chocolate Cake with Creamy Filling &amp; Cocoa Coating,3,19,20,1 pcs,203,4,4.8,https://shop.instashop.ae/publicfiles/wtm_3d4b4013-ca8a-4841-8e5b-41ddb85ef6c9_thumb_lg_wknqmyv4dwctvv5f80k9__src_9b5a332d-9b6f-4bc3-86eb-7ba71a9f9515_BOO_6847.jpg
203,Fresh Feteer Meshaltet Big,3,19,20,1 pcs,204,19,22.8,https://shop.instashop.ae/publicfiles/40fdbb52-021b-41d8-9ede-cffc3ab5e4f7_wtm_13b7f18a-0e8d-48d8-b36d-960a287b637d_IMG_2690.jpg
204,Rich Bake Chocolate Pound Cake,3,19,20,225 gr,205,21,25.2,https://shop.instashop.ae/publicfiles/60284cf5-14ee-419e-8001-6852b6919753_wtm_a9e3c11b-b6a0-42b7-9bc9-c518ddf26e9e_IMG_3215.jpg
205,El Doha Bread Crumbs,3,19,20,300 gr,206,7.5,9,https://shop.instashop.ae/publicfiles/wtm_680ebf9ccb2d1f62a25954ab87f059df_thumb_lg_5ktl8qe1ympsk6wjc3di_663509_-_300gr.jpg
206,Twinkies Extra Sponge Cake with Strawberry Cream Filling,3,19,20,1 pcs,207,2,2.4,https://shop.instashop.ae/publicfiles/ae0eec08-6517-4b74-999f-cf6bc6b021bb_wtm_dd24c2f2-0284-4730-9d4b-0c8c6ec9022b_IMG_2590.jpg
207,Twinkies Extra Sponge Cake Chocolate with Cocoa Cream Filling,3,19,20,1 pcs,208,22,26.4,https://shop.instashop.ae/publicfiles/ed767a0a-be19-4a80-bcff-0bb6c213f0ad_wtm_2ae66d82-3fdf-4951-b089-34bed998d48a_IMG_2598.jpg
208,Hohos Cocoa Coated Chocolate Cake Rolls with Cream Filling,3,19,20,12 per pack,209,16,19.2,https://shop.instashop.ae/publicfiles/fa673ea7-7d06-47e3-a603-464b93af3063_wtm_3000551554_1.jpg
209,Molto Croissant Filled with Chocolate &amp; Cream,3,19,20,1 pcs,210,3,3.6,https://shop.instashop.ae/publicfiles/40156d40-f650-4f2c-8a28-f2f101c5bac3_wtm_3ff2cb60-b1ec-45fe-a3c7-aba5b5864f70_IMG_5501.jpg
210,Twinkies Icing Sponge Chocolate Cake with Creamy Filling &amp; Chocolate Icing,3,19,20,1 pcs,211,3,3.6,https://shop.instashop.ae/publicfiles/c01ad684-cf5b-460b-9772-89a5c06dec17_wtm_d2227621-1eeb-4aae-946a-8310f16ba0f7_IMG_2599.jpg
211,Molto Croissant Filled with Strawberry Jam &amp; Cream,3,19,20,1 pcs,212,3,3.6,https://shop.instashop.ae/publicfiles/7fbab5f7-2f2b-4a38-93ec-1c2c6dc6ee69_wtm_1aae53f5-d406-4145-a80d-34cb9c95594c__MG_9763.jpg
212,Twinkies icing Golden Sponge Cake with Cream Filling &amp; Vanilla Icing,3,19,20,1 pcs,213,3,3.6,https://shop.instashop.ae/publicfiles/1c8dbdbc-0a2d-4cff-9fe6-46225736c3bf_wtm_f9702254-f9c1-426a-9571-a95fb3647086__MG_3610.jpg
213,Monginis Toasty Diet Bread,3,19,20,525 gr,214,15,18,https://shop.instashop.ae/publicfiles/1404592e-7af0-4a83-ba61-7f1d4a87bdfe_wtm_78dec6da-faab-4ba3-9452-8aadc6eecede_BOO_5624.jpg
214,Molto Mini Croissants Filled with Pure Cocoa,3,19,20,36 gr,215,2,2.4,https://shop.instashop.ae/publicfiles/wtm_04a81087-6b11-4788-bc71-884aab1f59b415ab684bc1f2fa95987e7702b4ddb84d__MG_2889.jpg
215,Monginis Party Swiss Roll with Strawberry Jam Filling,3,19,20,1 pcs,216,13,15.6,https://shop.instashop.ae/publicfiles/995bb29d-37ad-44d5-ae52-93833c97653580147205e303fee60096685a8b485b5a__MG_6916.jpg
216,Rich Bake Normal Bread Crumbs,3,19,20,250 gr,217,6.5,7.8,https://shop.instashop.ae/publicfiles/e673352c-b3f9-4e63-a673-db1dd9375a0d_wtm_6066f09c-a93d-4d02-a369-d4eb61f7646a_warehouse_1545132190.jpg
217,Molto Mini Croissants Filled with Chocolate &amp; Hazelnut Paste,3,19,20,83 gr,218,5,6,https://shop.instashop.ae/publicfiles/wtm_0d43c7f4-acce-4798-b86e-5bf77dc91c1ea4993a2f116585d5fe76b2001fba6085__MG_4803.jpg
218,Monginis Party Cake Marble with Butter &amp; Chocolate,3,19,20,1 pcs,219,13,15.6,https://shop.instashop.ae/publicfiles/ddbb9a2c-8814-4673-ade0-c6c613bebf62_wtm_9ef23767-e186-462d-89dd-5ad96b061f23_IMG_2641.jpg
219,Domty Sandwich Filled with Plain Feta Cheese,3,19,20,1 pcs,200,4,4.8,https://shop.instashop.ae/publicfiles/wtm_366962f9-493d-4898-8d2a-9c5d7063598b_thumb_lg_vt7zku68hdkawkdtpgb9__src_f3d5d04f-ef36-4baa-912d-b4302c354dab__MG_4477.jpg
220,Eurocake Mini Brownies,3,19,20,9 per pack,201,21,25.2,https://shop.instashop.ae/publicfiles/2f147f6f-5ae1-4a35-8870-2a6b8afd1198_wtm_0f102ed8-fe9f-4629-8d76-81d0a78f742f_IMG_2573.jpg
221,Monginis Party Cake Orange,3,19,20,1 pcs,202,13,15.6,https://shop.instashop.ae/publicfiles/adb87aa4-faa8-4bdd-9064-e8990a9fad10_wtm_9a5cad32-1aeb-4af1-bb38-a97ac98d3d90_IMG_2642.jpg
222,Todo Mini Chocolate Muffins with Chocolate Chips,3,19,20,60 gr,203,5,6,https://shop.instashop.ae/publicfiles/302a1431-e46d-427c-b964-3a57ebdd70c1_wtm_6d7df419-5134-44b9-9401-42afbd1f617c__MG_3575.jpg
223,Monginis Party Cake Butter Flavor,3,19,20,1 pcs,204,13,15.6,https://shop.instashop.ae/publicfiles/wtm_56df3d24-666a-46e5-adce-80b8ddbad79d_thumb_lg_az4xnj1a8bwhz5dygb9__src_ca84c5f2-3828-4148-a40f-cdfe39979b5c__MG_3181.jpg
224,Domty Sandwich Filled with Chocolate Hazelnut,3,19,20,1 pcs,205,4,4.8,https://shop.instashop.ae/publicfiles/wtm_e57c393b-f6c4-4163-8c64-a1d21b376221_thumb_lg_acbmvtdmzaroy028g2e29_3000757901-no24.jpg
225,Monginis Toasty White Bread,3,19,20,525 gr,206,15,18,https://shop.instashop.ae/publicfiles/82b20cf5-49a5-463e-aab1-94cb856b8554_wtm_ed73ea31-5c89-4410-9de9-37642295f49a_BOO_5626.jpg
226,Domty Sandwich Filled with Plain Cream Cheese,3,19,20,1 pcs,207,4,4.8,https://shop.instashop.ae/publicfiles/wtm_f685336c-751d-4467-888e-9a6633d057fc_thumb_lg_calgor2by7wn0gqzolxr_3000757895-no22.jpg
227,Domty Sandwich Filled with Istanboli Cheese,3,19,20,1 pcs,208,4,4.8,https://shop.instashop.ae/publicfiles/wtm_67614e29-07a7-4f8a-8105-5ce42fed0a7d_thumb_lg_sij71brbyz61ntd18aor__src_e5aad44a-3cff-4b48-bae1-0253101a79f3__MG_4475.jpg
228,Domty Sandwich Filled with Feta Plus Cheese &amp; Olives,3,19,20,1 pcs,209,4,4.8,https://shop.instashop.ae/publicfiles/wtm_b6a968e972ce9db93afeb203e2ecce43_thumb_lg_hzwwzb4g04qsqgkwewmi_757390-1pcs.jpg
229,Eurocake Double Chocolate Muffin,3,19,20,1 pcs,210,48,57.6,https://shop.instashop.ae/publicfiles/a8d6580d-1c13-499d-95f8-d136b51e222d_wtm_3dd3babe-cac5-43ec-8671-b3b4c8d9319f_000_9860.jpg
230,Monginis Party Cake Chocolate Flavor,3,19,20,1 pcs,211,13,15.6,https://shop.instashop.ae/publicfiles/wtm_0d9636b7-50a0-4b0e-932c-ac1b71f14c90_thumb_lg_cneig79jv4gm7ktke29__src_7a3644d8-1c31-4c6d-ae5e-64f367822295__MG_3182.jpg
231,Todo Max Vanilla Cake Bar with Cocoa Filling &amp; Coating,3,19,20,1 pcs,212,2,2.4,https://shop.instashop.ae/publicfiles/wtm_4da6c578-bd79-4ce5-91f6-1fef8a8ed1f52c605a7c691f93ca2a85f1a55f28a37e_IMG_1161.jpg
232,Domty Sandwich Filled with Strawberry Jam,3,19,20,1 pcs,213,4,4.8,https://shop.instashop.ae/publicfiles/wtm_3c4a79f9-c722-449d-b84d-2208bb7c0d98_thumb_lg_qo4wqceuacn8wnbwewmi_3000757918-no23.jpg
233,Eurocake Fruit Cake Slice,3,19,20,50 gr,214,4,4.8,https://shop.instashop.ae/publicfiles/684f016f-e2c3-4f83-a792-082165910a78_wtm_80f0bd6b-117a-4081-ba97-3f30ca6896e1__MG_3597.jpg
234,Babita Cheese Puff,3,19,20,1 pcs,215,4,4.8,https://shop.instashop.ae/publicfiles/wtm_1ec5053b-781e-4d00-9ab4-d84ab1891c58_thumb_lg_nh66z42lvq8p1osf9a4i__src_481ed31f-ded7-448c-b85d-5c4c80590c54__MG_3183.jpg
235,Domty Sandwich Roll with Halawa Spread,3,19,20,1 pcs,216,4,4.8,https://shop.instashop.ae/publicfiles/wtm_62f5ca19-f9bb-4e17-92dc-5717c7d90b2429747d910a5a2811d5148452dc0b1f17_IMG_0757.jpg
